<?xml version="1.0" encoding="UTF-8"?>
<TCRMService xmlns:xsi="http://www.w3.org/2001/XMLSchema-instance"
	xsi:noNamespaceSchemaLocation="myTCRM.xsd">
	<RequestControl>
		<requestID>0</requestID>
		<DWLControl>
			<requesterName>cusadmin</requesterName>
			<requesterLanguage>100</requesterLanguage>
		</DWLControl>
	</RequestControl>
	<TCRMTx>
		<TCRMTxType>addPerson</TCRMTxType>
		<TCRMTxObject>TCRMPersonBObj</TCRMTxObject>
		<TCRMObject>
			<TCRMPersonBObj>
				<PreferredLanguageType>100</PreferredLanguageType>
				<PartyType>P</PartyType>
				<CreatedDate>2001-06-11</CreatedDate>
				<ClientStatusType>1</ClientStatusType>
				<ClientImportanceType>4</ClientImportanceType>
				<BirthDate>1946-03-16</BirthDate>
				<GenderType>F</GenderType>
				<UserIndicator>N</UserIndicator>
				<MaritalStatusType>1</MaritalStatusType>
				<TCRMPartyAddressBObj>
					<AddressUsageType>1</AddressUsageType>
					<TCRMAddressBObj>
						<AddressLineOne>6917 SOUTHWEST HENNESSEY ST.</AddressLineOne>
						<AddressLineTwo>Unit-24</AddressLineTwo>
						<City>NORTHRIDGE</City>
						<ZipPostalCode>91327</ZipPostalCode>
						<ProvinceStateValue>CA</ProvinceStateValue>
						<CountyCode>1</CountyCode>
					</TCRMAddressBObj>
				</TCRMPartyAddressBObj>
				<TCRMPartyAddressBObj>
					<AddressUsageType>4</AddressUsageType>
					<TCRMAddressBObj>
						<AddressLineOne>9259 SOUTHEAST PINE ST.</AddressLineOne>
						<AddressLineTwo>Unit-66</AddressLineTwo>
						<City>ARLINGTON</City>
						<ZipPostalCode>76017</ZipPostalCode>
						<ProvinceStateValue>TX</ProvinceStateValue>
						<CountyCode>1</CountyCode>
					</TCRMAddressBObj>
				</TCRMPartyAddressBObj>
				<TCRMPartyAddressBObj>
					<AddressUsageType>7</AddressUsageType>
					<TCRMAddressBObj>
						<AddressLineOne>9259 SOUTHEAST PINE ST.</AddressLineOne>
						<AddressLineTwo>Unit-66</AddressLineTwo>
						<City>ARLINGTON</City>
						<ZipPostalCode>76017</ZipPostalCode>
						<ProvinceStateValue>TX</ProvinceStateValue>
						<CountyCode>1</CountyCode>
					</TCRMAddressBObj>
				</TCRMPartyAddressBObj>
				<TCRMPartyAddressBObj>
					<AddressUsageType>3</AddressUsageType>
					<TCRMAddressBObj>
						<AddressLineOne>9259 SOUTHEAST PINE ST.</AddressLineOne>
						<AddressLineTwo>Unit-66</AddressLineTwo>
						<City>ARLINGTON</City>
						<ZipPostalCode>76017</ZipPostalCode>
						<ProvinceStateValue>TX</ProvinceStateValue>
						<CountyCode>1</CountyCode>
					</TCRMAddressBObj>
				</TCRMPartyAddressBObj>
				<TCRMPartyAddressBObj>
					<AddressUsageType>2</AddressUsageType>
					<TCRMAddressBObj>
						<AddressLineOne>9259 SOUTHEAST PINE ST.</AddressLineOne>
						<AddressLineTwo>Unit-66</AddressLineTwo>
						<City>ARLINGTON</City>
						<ZipPostalCode>76017</ZipPostalCode>
						<ProvinceStateValue>TX</ProvinceStateValue>
						<CountyCode>1</CountyCode>
					</TCRMAddressBObj>
				</TCRMPartyAddressBObj>
				<TCRMPartyContactMethodBObj>
					<ContactMethodUsageType>1</ContactMethodUsageType>
					<TCRMContactMethodBObj>
						<ReferenceNumber>701-367-9498</ReferenceNumber>
						<ContactMethodType>1</ContactMethodType>
					</TCRMContactMethodBObj>
				</TCRMPartyContactMethodBObj>
				<TCRMPartyContactMethodBObj>
					<ContactMethodUsageType>3</ContactMethodUsageType>
					<TCRMContactMethodBObj>
						<ReferenceNumber>402-764-0581</ReferenceNumber>
						<ContactMethodType>1</ContactMethodType>
					</TCRMContactMethodBObj>
				</TCRMPartyContactMethodBObj>
				<TCRMPartyContactMethodBObj>
					<ContactMethodUsageType>8</ContactMethodUsageType>
					<TCRMContactMethodBObj>
						<ReferenceNumber>715-579-2236</ReferenceNumber>
						<ContactMethodType>1</ContactMethodType>
					</TCRMContactMethodBObj>
				</TCRMPartyContactMethodBObj>
				<TCRMPartyContactMethodBObj>
					<ContactMethodUsageType>2</ContactMethodUsageType>
					<TCRMContactMethodBObj>
						<ReferenceNumber>817-655-8511</ReferenceNumber>
						<ContactMethodType>1</ContactMethodType>
					</TCRMContactMethodBObj>
				</TCRMPartyContactMethodBObj>
				<TCRMPartyContactMethodBObj>
					<ContactMethodUsageType>5</ContactMethodUsageType>
					<TCRMContactMethodBObj>
						<ReferenceNumber>818-683-4882</ReferenceNumber>
						<ContactMethodType>1</ContactMethodType>
					</TCRMContactMethodBObj>
				</TCRMPartyContactMethodBObj>
				<TCRMPartyContactMethodBObj>
					<ContactMethodUsageType>6</ContactMethodUsageType>
					<TCRMContactMethodBObj>
						<ObjectReferenceId></ObjectReferenceId>
						<ContactMethodIdPK></ContactMethodIdPK>
						<ReferenceNumber>Dubuffet08@safety.net</ReferenceNumber>
						<ContactMethodType>2</ContactMethodType>
					</TCRMContactMethodBObj>
				</TCRMPartyContactMethodBObj>
				<TCRMPartyContactMethodBObj>
					<ContactMethodUsageType>7</ContactMethodUsageType>
					<TCRMContactMethodBObj>
						<ObjectReferenceId></ObjectReferenceId>
						<ContactMethodIdPK></ContactMethodIdPK>
						<ReferenceNumber>tsunami15@AAAA.net</ReferenceNumber>
						<ContactMethodType>2</ContactMethodType>
					</TCRMContactMethodBObj>
				</TCRMPartyContactMethodBObj>
				<TCRMPartyIdentificationBObj>
					<IdentificationType>1</IdentificationType>
					<IdentificationNumber>886512307</IdentificationNumber>
					<IdentificationStatusType>1</IdentificationStatusType>
				</TCRMPartyIdentificationBObj>
				<TCRMPartyIdentificationBObj>
					<IdentificationType>3</IdentificationType>
					<IdentificationNumber>945679518</IdentificationNumber>
				</TCRMPartyIdentificationBObj>
				<TCRMAdminContEquivBObj>
					<AdminPartyId>7894284396039332</AdminPartyId>
					<AdminSystemType>1</AdminSystemType>
				</TCRMAdminContEquivBObj>
				<TCRMAdminContEquivBObj>
					<AdminPartyId>5340388221700054</AdminPartyId>
					<AdminSystemType>2</AdminSystemType>
				</TCRMAdminContEquivBObj>
				<TCRMAdminContEquivBObj>
					<AdminPartyId>1442219417937410</AdminPartyId>
					<AdminSystemType>3</AdminSystemType>
				</TCRMAdminContEquivBObj>
				<TCRMPersonNameBObj>
					<NameUsageType>1</NameUsageType>
					<PrefixType>14</PrefixType>
					<GivenNameOne>CARRIE</GivenNameOne>
					<LastName>SMITH</LastName>
				</TCRMPersonNameBObj>
				<TCRMPersonNameBObj>
					<NameUsageType>2</NameUsageType>
					<PrefixType>14</PrefixType>
					<GivenNameOne>SCOTT</GivenNameOne>
					<LastName>MERRIMAN</LastName>
				</TCRMPersonNameBObj>
				<TCRMPersonNameBObj>
					<NameUsageType>5</NameUsageType>
					<PrefixType>14</PrefixType>
					<GivenNameOne>DEBORAH</GivenNameOne>
					<LastName>GAUVIN</LastName>
				</TCRMPersonNameBObj>
				<TCRMPersonNameBObj>
					<NameUsageType>7</NameUsageType>
					<PrefixType>14</PrefixType>
					<GivenNameOne>JARED</GivenNameOne>
					<LastName>BARNES</LastName>
				</TCRMPersonNameBObj>
				<TCRMPersonNameBObj>
					<NameUsageType>8</NameUsageType>
					<PrefixType>14</PrefixType>
					<GivenNameOne>JOHN</GivenNameOne>
					<LastName>SCHOTT</LastName>
				</TCRMPersonNameBObj>
			</TCRMPersonBObj>
		</TCRMObject>
	</TCRMTx>
</TCRMService>